{
  "ents_f": 85.356163617,
  "ents_p": 85.4613703849,
  "ents_per_type": {
    "CARDINAL": {
      "f": 85.3642384106,
      "p": 83.9739413681,
      "r": 86.8013468013
    },
    "DATE": {
      "f": 85.4816354816,
      "p": 84.981054082,
      "r": 85.9881491809
    },
    "EVENT": {
      "f": 46.4454976303,
      "p": 64.4736842105,
      "r": 36.2962962963
    },
    "FAC": {
      "f": 43.6781609195,
      "p": 40.8602150538,
      "r": 46.9135802469
    },
    "GPE": {
      "f": 91.029481318,
      "p": 92.1481008618,
      "r": 89.937694704
    },
    "LANGUAGE": {
      "f": 69.7674418605,
      "p": 75.0,
      "r": 65.2173913043
    },
    "LAW": {
      "f": 59.5041322314,
      "p": 59.0163934426,
      "r": 60.0
    },
    "LOC": {
      "f": 72.61663286,
      "p": 73.6625514403,
      "r": 71.6
    },
    "MONEY": {
      "f": 91.1070780399,
      "p": 91.7174177832,
      "r": 90.5048076923
    },
    "NORP": {
      "f": 89.485458613,
      "p": 90.0090009001,
      "r": 88.9679715302
    },
    "ORDINAL": {
      "f": 82.156133829,
      "p": 80.0724637681,
      "r": 84.3511450382
    },
    "ORG": {
      "f": 83.0506137085,
      "p": 82.6970612469,
      "r": 83.4072022161
    },
    "PERCENT": {
      "f": 89.7047086991,
      "p": 91.6802610114,
      "r": 87.8125
    },
    "PERSON": {
      "f": 89.4736842105,
      "p": 86.6202346041,
      "r": 92.5215348473
    },
    "PRODUCT": {
      "f": 32.2147651007,
      "p": 50.5263157895,
      "r": 23.645320197
    },
    "QUANTITY": {
      "f": 72.602739726,
      "p": 79.6992481203,
      "r": 66.6666666667
    },
    "TIME": {
      "f": 69.696969697,
      "p": 69.1729323308,
      "r": 70.2290076336
    },
    "WORK_OF_ART": {
      "f": 39.1489361702,
      "p": 45.5445544554,
      "r": 34.328358209
    }
  },
  "ents_r": 85.2512155592,
  "las": 89.6760148148,
  "las_per_type": {
    "acl": {
      "f": 71.4609286523,
      "p": 74.2789876398,
      "r": 68.8488816148
    },
    "acomp": {
      "f": 89.4053315106,
      "p": 89.9175068744,
      "r": 88.8989578614
    },
    "advcl": {
      "f": 66.5807117071,
      "p": 68.2166446499,
      "r": 65.0214051876
    },
    "advmod": {
      "f": 85.3656476946,
      "p": 85.6985418786,
      "r": 85.0353297443
    },
    "agent": {
      "f": 91.2554112554,
      "p": 88.2747068677,
      "r": 94.4444444444
    },
    "amod": {
      "f": 90.9964377921,
      "p": 91.8095489317,
      "r": 90.1976028507
    },
    "appos": {
      "f": 68.5701539148,
      "p": 70.5693296602,
      "r": 66.6811279826
    },
    "attr": {
      "f": 91.592277351,
      "p": 90.446904469,
      "r": 92.7670311186
    },
    "aux": {
      "f": 97.8922091782,
      "p": 97.805224809,
      "r": 97.9793484066
    },
    "auxpass": {
      "f": 95.6659142212,
      "p": 94.8098434004,
      "r": 96.5375854214
    },
    "case": {
      "f": 98.26130154,
      "p": 97.5345167653,
      "r": 98.998998999
    },
    "cc": {
      "f": 83.0043793869,
      "p": 83.2791621524,
      "r": 82.7314039703
    },
    "ccomp": {
      "f": 81.4396192742,
      "p": 79.3469860896,
      "r": 83.6456211813
    },
    "compound": {
      "f": 91.339364519,
      "p": 90.4808743169,
      "r": 92.2143016262
    },
    "conj": {
      "f": 76.9967246158,
      "p": 77.0646828899,
      "r": 76.9288860919
    },
    "csubj": {
      "f": 74.251497006,
      "p": 75.1515151515,
      "r": 73.3727810651
    },
    "csubjpass": {
      "f": 76.9230769231,
      "p": 71.4285714286,
      "r": 83.3333333333
    },
    "dative": {
      "f": 73.2360097324,
      "p": 77.9792746114,
      "r": 69.0366972477
    },
    "dep": {
      "f": 22.5769669327,
      "p": 37.9310344828,
      "r": 16.0714285714
    },
    "det": {
      "f": 97.6779239826,
      "p": 97.5984043636,
      "r": 97.7575732866
    },
    "dobj": {
      "f": 93.1286838878,
      "p": 92.4811439346,
      "r": 93.7853557485
    },
    "expl": {
      "f": 98.6125933831,
      "p": 98.2978723404,
      "r": 98.9293361884
    },
    "intj": {
      "f": 64.4804425128,
      "p": 69.9828473413,
      "r": 59.7802197802
    },
    "mark": {
      "f": 90.988372093,
      "p": 90.7485503426,
      "r": 91.2294647589
    },
    "meta": {
      "f": 48.6486486486,
      "p": 81.8181818182,
      "r": 34.6153846154
    },
    "neg": {
      "f": 94.4055944056,
      "p": 93.9830929886,
      "r": 94.8319116909
    },
    "nmod": {
      "f": 64.8741813168,
      "p": 74.6825396825,
      "r": 57.3430834857
    },
    "npadvmod": {
      "f": 73.9602847508,
      "p": 78.2401902497,
      "r": 70.1243339254
    },
    "nsubj": {
      "f": 95.086660647,
      "p": 95.6152006378,
      "r": 94.5639318411
    },
    "nsubjpass": {
      "f": 91.9321685509,
      "p": 92.1215242019,
      "r": 91.7435897436
    },
    "nummod": {
      "f": 91.0316226024,
      "p": 93.5037273695,
      "r": 88.6868686869
    },
    "oprd": {
      "f": 77.2435897436,
      "p": 83.3910034602,
      "r": 71.9402985075
    },
    "parataxis": {
      "f": 52.6041666667,
      "p": 65.7980456026,
      "r": 43.8177874187
    },
    "pcomp": {
      "f": 85.5371900826,
      "p": 84.1463414634,
      "r": 86.974789916
    },
    "pobj": {
      "f": 96.2388947595,
      "p": 95.9272840758,
      "r": 96.5525365164
    },
    "poss": {
      "f": 97.3694779116,
      "p": 97.1354166667,
      "r": 97.6046698873
    },
    "preconj": {
      "f": 59.7701149425,
      "p": 59.0909090909,
      "r": 60.4651162791
    },
    "predet": {
      "f": 87.6826722338,
      "p": 85.3658536585,
      "r": 90.1287553648
    },
    "prep": {
      "f": 86.0466873159,
      "p": 85.668083186,
      "r": 86.4286527298
    },
    "prt": {
      "f": 84.4272844273,
      "p": 80.987654321,
      "r": 88.1720430108
    },
    "quantmod": {
      "f": 83.1335616438,
      "p": 87.8733031674,
      "r": 78.878960195
    },
    "relcl": {
      "f": 77.1898462639,
      "p": 76.1283497884,
      "r": 78.2813633067
    },
    "root": {
      "f": 89.9257963125,
      "p": 88.3934259141,
      "r": 91.5122337268
    },
    "xcomp": {
      "f": 89.2633088367,
      "p": 89.1514500537,
      "r": 89.3754486719
    }
  },
  "tags_acc": 97.0508922897,
  "token_acc": 99.7576498212,
  "uas": 91.5566789084
}